,Participant,CodeType,ModelType,CnnTrainingAccuracy,CnnTrainingVALAccuracy,CnnTrainingTime,CnnTestTruePositive,CnnTestFalsePositive,CnnTestTrueNegatives,CnnTestFalseNegatives,CnnTestAccuracy,CnnTestSensitivity,CnnTestPrecision,CnnTestFowlkesMallows,ClassWindowResultBestMinLenByITR,ClassWindowResultBestConsecutiveByITR,ClassWindowResultBestAccByITR,ClassWindowResultBestITRByITR,ClassWindowResultBestMinLenByAccuracy,ClassWindowResultBestConsecutiveByAccuracy,ClassWindowResultBestAccByAccuracy,ClassWindowResultBestITRByAccuracy,ClassWindowResultFile
0,1,burst100,BaseArchi_XTestNormByXTrain,0.9028041958808899,0.9145299196243286,77.94782066345215,4763,4337,21519,581,0.8423717948717949,0.8912799401197605,0.5234065934065935,0.6830093683323213,40,10,0.97,124.0,40,20,1.0,117.01371254443882,./results/test_norm/user1_BaseArchi_XTestNormByXTrain_burst100.csv
1,1,burst100,BaseArchi_XTestNormByXTest,0.8950808048248291,0.9027777910232544,44.86564016342163,4827,4477,21379,517,0.8399358974358975,0.9032559880239521,0.5188091143594153,0.6845563813058391,5,30,1.0,131.62705667276055,30,20,1.0,130.31674208144796,./results/test_norm/user1_BaseArchi_XTestNormByXTest_burst100.csv
2,1,burst100,Global Norm,0.8976948857307434,0.9166666865348816,44.81897568702698,4630,3898,21958,714,0.8521794871794872,0.8663922155688623,0.5429174484052532,0.6858421472866922,5,30,0.97,116.0,40,50,1.0,79.58941966048164,./results/test_norm/user1_Global Norm_burst100.csv
3,1,burst100,Electrode Norm,0.8999524712562561,0.9059829115867615,96.65610599517822,4714,4457,21399,630,0.8369551282051282,0.8821107784431138,0.5140115581725003,0.6733610737994157,20,10,0.97,176.0,40,10,1.0,142.13448488587292,./results/test_norm/user1_Electrode Norm_burst100.csv
