{
  "pipeline_category":
  {
    "Deep Learning": [0.12156862745098039, 0.4666666666666667, 0.7058823529411765],
    "Riemannian": [1.0, 0.4980392156862745, 0.054901960784313725],
    "Raw": [0.17254901960784313, 0.6274509803921569, 0.17254901960784313]
  }
}